<?xml version="1.0" encoding="UTF-8"?>
<contents xmlns:xsd="http://www.w3.org/2001/XMLSchema" xmlns:xsi="http://www.w3.org/2001/XMLSchema-instance">
  <mads_id>180</mads_id>
  <monitor_id>1000</monitor_id>
  <airtime>2017-02-28</airtime>
  <order>
      <order_id>100</order_id>
      <advertiser_name><![CDATA[広告主1]]></advertiser_name>
      <creative>
        <creative_id>135</creative_id>
        <creative_url>http://210.160.8.150/contents/CREATIVE/135.mp4</creative_url>
        <version>2016-04-01 13:51:18</version>
        <crc>d340cc06</crc>
      </creative>
  </order>
</contents>
